,Accuracy,ClusterStyle,SizeOfCluster
0,0.6774193548387096,SUV,31
1,0.5,Sedan,38
2,0.6,Van,5
3,0.5333333333333333,Sedan,30
4,0.6923076923076923,Sedan,26
